{
    "Data": [
        {
            "image": "image1.png",
            "parentCategory": "vehicle",
            "category": "car",
            "distance": 19.675670623779298,
            "position": [
                2.4598593711853029,
                0.7856860160827637,
                19.505481719970704
            ],
            "orientation": [
                0.8356437683105469,
                0.2993612289428711,
                0.4605236053466797
            ]
        },
        {
            "image": "image2.png",
            "parentCategory": "vehicle",
            "category": "car",
            "distance": 17.965972900390626,
            "position": [
                -0.07955646514892578,
                -0.41724562644958498,
                17.96095085144043
            ],
            "orientation": [
                -0.632232666015625,
                -0.19518160820007325,
                -0.7497882843017578
            ]
        },
        {
            "image": "image3.png",
            "parentCategory": "vehicle",
            "category": "car",
            "distance": 16.126314163208009,
            "position": [
                -2.1494836807250978,
                -1.6426286697387696,
                15.897782325744629
            ],
            "orientation": [
                0.9486269950866699,
                -0.16636085510253907,
                -0.26912975311279299
            ]
        },
        {
            "image": "image4.png",
            "parentCategory": "vehicle",
            "category": "car",
            "distance": 12.051480293273926,
            "position": [
                -1.896348476409912,
                0.5430924892425537,
                11.888948440551758
            ],
            "orientation": [
                0.8150100708007813,
                -0.25441813468933108,
                -0.5206060409545898
            ]
        },
        {
            "image": "image5.png",
            "parentCategory": "vehicle",
            "category": "car",
            "distance": 13.058998107910157,
            "position": [
                -3.5824103355407717,
                -1.9874181747436524,
                12.399755477905274
            ],
            "orientation": [
                -0.9855070114135742,
                -0.024840116500854493,
                0.16780757904052735
            ]
        },
        {
            "image": "image6.png",
            "parentCategory": "vehicle",
            "category": "car",
            "distance": 11.961731910705567,
            "position": [
                -2.084256649017334,
                1.8125853538513184,
                11.638446807861329
            ],
            "orientation": [
                0.7527632713317871,
                -0.40326857566833498,
                -0.5203094482421875
            ]
        },
        {
            "image": "image7.png",
            "parentCategory": "vehicle",
            "category": "car",
            "distance": 18.768308639526368,
            "position": [
                3.20271635055542,
                -1.1918025016784669,
                18.45458221435547
            ],
            "orientation": [
                0.7384920120239258,
                -0.23015308380126954,
                -0.6337661743164063
            ]
        },
        {
            "image": "image8.png",
            "parentCategory": "vehicle",
            "category": "car",
            "distance": 15.293915748596192,
            "position": [
                -1.056570053100586,
                -0.6702568531036377,
                15.242646217346192
            ],
            "orientation": [
                -0.9413175582885742,
                0.028812170028686525,
                0.3362913131713867
            ]
        },
        {
            "image": "image9.png",
            "parentCategory": "vehicle",
            "category": "car",
            "distance": 10.563423156738282,
            "position": [
                -0.33695363998413088,
                -1.7578840255737305,
                10.410677909851075
            ],
            "orientation": [
                0.7048273086547852,
                -0.43561363220214846,
                -0.5598745346069336
            ]
        },
        {
            "image": "image10.png",
            "parentCategory": "vehicle",
            "category": "car",
            "distance": 16.246091842651368,
            "position": [
                0.21662521362304688,
                -0.9975031614303589,
                16.213993072509767
            ],
            "orientation": [
                0.47580909729003909,
                0.12145435810089112,
                0.8711223602294922
            ]
        },
        {
            "image": "image11.png",
            "parentCategory": "vehicle",
            "category": "car",
            "distance": 15.546957969665528,
            "position": [
                -0.18320798873901368,
                -1.4651576280593873,
                15.476680755615235
            ],
            "orientation": [
                -0.8108711242675781,
                -0.011763691902160645,
                0.5851097106933594
            ]
        },
        {
            "image": "image12.png",
            "parentCategory": "vehicle",
            "category": "car",
            "distance": 12.53095531463623,
            "position": [
                -3.1561267375946047,
                -0.2587549686431885,
                12.124221801757813
            ],
            "orientation": [
                0.7723336219787598,
                -0.37030029296875,
                -0.5161190032958984
            ]
        },
        {
            "image": "image13.png",
            "parentCategory": "vehicle",
            "category": "car",
            "distance": 11.146339416503907,
            "position": [
                -0.6946349143981934,
                -1.7443585395812989,
                10.987064361572266
            ],
            "orientation": [
                0.6961450576782227,
                -0.41257429122924807,
                -0.5875072479248047
            ]
        },
        {
            "image": "image14.png",
            "parentCategory": "vehicle",
            "category": "car",
            "distance": 12.80919361114502,
            "position": [
                1.1426358222961426,
                -0.3791518211364746,
                12.752492904663086
            ],
            "orientation": [
                0.7755608558654785,
                -0.06421828269958496,
                -0.6279983520507813
            ]
        },
        {
            "image": "image15.png",
            "parentCategory": "vehicle",
            "category": "car",
            "distance": 17.69861602783203,
            "position": [
                -2.406839370727539,
                -0.5726950168609619,
                17.524843215942384
            ],
            "orientation": [
                0.767949104309082,
                -0.23061656951904298,
                -0.5975532531738281
            ]
        },
        {
            "image": "image16.png",
            "parentCategory": "vehicle",
            "category": "car",
            "distance": 7.6613898277282719,
            "position": [
                2.3222970962524416,
                -1.3046143054962159,
                7.183440208435059
            ],
            "orientation": [
                0.584099292755127,
                0.1349484920501709,
                -0.800384521484375
            ]
        },
        {
            "image": "image17.png",
            "parentCategory": "vehicle",
            "category": "car",
            "distance": 14.582849502563477,
            "position": [
                -2.0381975173950197,
                0.710507869720459,
                14.422220230102539
            ],
            "orientation": [
                -0.20938682556152345,
                -0.5867495536804199,
                -0.7822303771972656
            ]
        },
        {
            "image": "image18.png",
            "parentCategory": "vehicle",
            "category": "car",
            "distance": 9.360504150390625,
            "position": [
                3.6011621952056886,
                0.07371878623962403,
                8.639747619628907
            ],
            "orientation": [
                0.8408639430999756,
                0.30989503860473635,
                0.44374847412109377
            ]
        },
        {
            "image": "image19.png",
            "parentCategory": "vehicle",
            "category": "car",
            "distance": 14.807445526123047,
            "position": [
                1.9761581420898438,
                -1.2186131477355958,
                14.624302864074707
            ],
            "orientation": [
                0.8804900646209717,
                -0.16883277893066407,
                -0.4429817199707031
            ]
        },
        {
            "image": "image20.png",
            "parentCategory": "vehicle",
            "category": "car",
            "distance": 19.501365661621095,
            "position": [
                3.149489402770996,
                -0.3932929039001465,
                19.241344451904298
            ],
            "orientation": [
                -0.76812744140625,
                -0.2383594512939453,
                -0.5942764282226563
            ]
        },
        {
            "image": "image21.png",
            "parentCategory": "vehicle",
            "category": "car",
            "distance": 10.965059280395508,
            "position": [
                -1.3933422565460206,
                0.13189655542373658,
                10.875372886657715
            ],
            "orientation": [
                -0.25535011291503909,
                -0.3100302219390869,
                -0.9157934188842773
            ]
        },
        {
            "image": "image22.png",
            "parentCategory": "vehicle",
            "category": "car",
            "distance": 14.726448059082032,
            "position": [
                0.9443874359130859,
                -0.37760666012763979,
                14.6912841796875
            ],
            "orientation": [
                0.2708702087402344,
                0.0680466890335083,
                0.9602069854736328
            ]
        },
        {
            "image": "image23.png",
            "parentCategory": "vehicle",
            "category": "car",
            "distance": 15.598265647888184,
            "position": [
                -3.0646169185638429,
                -0.9581499099731445,
                15.264204978942871
            ],
            "orientation": [
                -0.9391787052154541,
                0.16347169876098634,
                0.3020296096801758
            ]
        },
        {
            "image": "image24.png",
            "parentCategory": "vehicle",
            "category": "car",
            "distance": 10.970011711120606,
            "position": [
                1.7347609996795655,
                -1.0186195373535157,
                10.783977508544922
            ],
            "orientation": [
                -0.8661832809448242,
                -0.2964043617248535,
                -0.4023313522338867
            ]
        },
        {
            "image": "image25.png",
            "parentCategory": "vehicle",
            "category": "car",
            "distance": 15.771272659301758,
            "position": [
                0.777191162109375,
                -0.7678554058074951,
                15.73338508605957
            ],
            "orientation": [
                -0.7723808288574219,
                0.20211100578308106,
                0.6021442413330078
            ]
        },
        {
            "image": "image26.png",
            "parentCategory": "vehicle",
            "category": "car",
            "distance": 14.688879013061524,
            "position": [
                0.8811492919921875,
                -1.9706029891967774,
                14.529399871826172
            ],
            "orientation": [
                -0.8844003677368164,
                -0.1647934913635254,
                -0.43666934967041018
            ]
        },
        {
            "image": "image27.png",
            "parentCategory": "vehicle",
            "category": "car",
            "distance": 15.681303977966309,
            "position": [
                -0.393735408782959,
                -0.7862515449523926,
                15.656630516052246
            ],
            "orientation": [
                -0.4046497344970703,
                0.05740123987197876,
                0.9126691818237305
            ]
        },
        {
            "image": "image28.png",
            "parentCategory": "vehicle",
            "category": "car",
            "distance": 14.40713882446289,
            "position": [
                0.1884016990661621,
                -0.8605279922485352,
                14.380182266235352
            ],
            "orientation": [
                -0.7958450317382813,
                -0.32103919982910159,
                -0.5133857727050781
            ]
        },
        {
            "image": "image29.png",
            "parentCategory": "vehicle",
            "category": "car",
            "distance": 9.42736530303955,
            "position": [
                0.8919565677642822,
                -2.2026257514953615,
                9.122941970825196
            ],
            "orientation": [
                -0.7351837158203125,
                -0.1729137897491455,
                -0.6554431915283203
            ]
        },
        {
            "image": "image30.png",
            "parentCategory": "vehicle",
            "category": "car",
            "distance": 10.238227844238282,
            "position": [
                1.457817554473877,
                -0.20435333251953126,
                10.13184642791748
            ],
            "orientation": [
                -0.7579450607299805,
                0.16687285900115968,
                0.6306123733520508
            ]
        },
        {
            "image": "image31.png",
            "parentCategory": "vehicle",
            "category": "car",
            "distance": 21.726591110229493,
            "position": [
                0.26003170013427737,
                -0.05808448791503906,
                21.724956512451173
            ],
            "orientation": [
                0.6770458221435547,
                -0.3287391662597656,
                -0.6584358215332031
            ]
        },
        {
            "image": "image32.png",
            "parentCategory": "vehicle",
            "category": "car",
            "distance": 20.364330291748048,
            "position": [
                -3.001025676727295,
                0.07551050186157227,
                20.141849517822267
            ],
            "orientation": [
                0.6295571327209473,
                0.34380054473876955,
                0.6967506408691406
            ]
        },
        {
            "image": "image33.png",
            "parentCategory": "vehicle",
            "category": "car",
            "distance": 14.767471313476563,
            "position": [
                2.452502727508545,
                -0.08014655113220215,
                14.562177658081055
            ],
            "orientation": [
                -0.5044231414794922,
                0.4450407028198242,
                0.7399311065673828
            ]
        },
        {
            "image": "image34.png",
            "parentCategory": "vehicle",
            "category": "car",
            "distance": 19.103483200073243,
            "position": [
                0.648015022277832,
                -2.249154567718506,
                18.95954704284668
            ],
            "orientation": [
                -0.7388763427734375,
                0.20209121704101563,
                0.642822265625
            ]
        },
        {
            "image": "image35.png",
            "parentCategory": "vehicle",
            "category": "car",
            "distance": 16.47002601623535,
            "position": [
                0.9662332534790039,
                -0.7927840948104858,
                16.422534942626954
            ],
            "orientation": [
                -0.6394214630126953,
                0.021603941917419435,
                0.7685508728027344
            ]
        },
        {
            "image": "image36.png",
            "parentCategory": "vehicle",
            "category": "car",
            "distance": 14.349448204040528,
            "position": [
                -0.35147714614868166,
                -1.2722309827804566,
                14.288616180419922
            ],
            "orientation": [
                0.547917366027832,
                -0.2824411392211914,
                -0.787409782409668
            ]
        },
        {
            "image": "image37.png",
            "parentCategory": "vehicle",
            "category": "car",
            "distance": 14.62894344329834,
            "position": [
                2.7303318977355959,
                -0.6262332201004028,
                14.35824203491211
            ],
            "orientation": [
                0.5305910110473633,
                -0.08506417274475098,
                -0.8433494567871094
            ]
        },
        {
            "image": "image38.png",
            "parentCategory": "vehicle",
            "category": "car",
            "distance": 9.974052429199219,
            "position": [
                0.07427191734313965,
                3.101378917694092,
                9.479328155517579
            ],
            "orientation": [
                0.7038946151733398,
                -0.6373505592346191,
                -0.3135547637939453
            ]
        },
        {
            "image": "image39.png",
            "parentCategory": "vehicle",
            "category": "car",
            "distance": 16.295181274414064,
            "position": [
                -0.1578807830810547,
                -0.7500059604644775,
                16.27714729309082
            ],
            "orientation": [
                0.7698736190795898,
                0.21801018714904786,
                0.5998058319091797
            ]
        },
        {
            "image": "image40.png",
            "parentCategory": "vehicle",
            "category": "car",
            "distance": 9.463078498840332,
            "position": [
                3.1358642578125,
                -1.626600742340088,
                8.778973579406739
            ],
            "orientation": [
                -0.26262474060058596,
                0.4490394592285156,
                0.8540449142456055
            ]
        },
        {
            "image": "image41.png",
            "parentCategory": "vehicle",
            "category": "car",
            "distance": 10.152912139892579,
            "position": [
                -1.5639593601226807,
                -0.4658169746398926,
                10.02091121673584
            ],
            "orientation": [
                0.7157866954803467,
                0.4487886428833008,
                0.5350122451782227
            ]
        },
        {
            "image": "image42.png",
            "parentCategory": "vehicle",
            "category": "car",
            "distance": 14.887516975402832,
            "position": [
                3.1918110847473146,
                -0.435421884059906,
                14.53481674194336
            ],
            "orientation": [
                -0.8837528228759766,
                -0.007533609867095947,
                -0.4678916931152344
            ]
        },
        {
            "image": "image43.png",
            "parentCategory": "vehicle",
            "category": "car",
            "distance": 15.772141456604004,
            "position": [
                -2.3014416694641115,
                -1.5404462814331055,
                15.527100563049317
            ],
            "orientation": [
                -0.6223621368408203,
                -0.36074256896972659,
                -0.6946439743041992
            ]
        },
        {
            "image": "image44.png",
            "parentCategory": "vehicle",
            "category": "car",
            "distance": 13.769062995910645,
            "position": [
                -1.1004185676574708,
                0.17450976371765138,
                13.723910331726075
            ],
            "orientation": [
                0.5486478805541992,
                0.44881772994995119,
                0.7053718566894531
            ]
        },
        {
            "image": "image45.png",
            "parentCategory": "vehicle",
            "category": "car",
            "distance": 18.66564178466797,
            "position": [
                2.35996675491333,
                1.2925875186920167,
                18.470678329467775
            ],
            "orientation": [
                0.6260652542114258,
                0.3680849075317383,
                0.6874275207519531
            ]
        },
        {
            "image": "image46.png",
            "parentCategory": "vehicle",
            "category": "car",
            "distance": 15.71631145477295,
            "position": [
                -2.511857509613037,
                -1.8111352920532227,
                15.40820598602295
            ],
            "orientation": [
                -0.6721467971801758,
                -0.3246798515319824,
                -0.6654329299926758
            ]
        },
        {
            "image": "image47.png",
            "parentCategory": "vehicle",
            "category": "car",
            "distance": 6.959469795227051,
            "position": [
                2.563178062438965,
                -0.3423941135406494,
                6.461199760437012
            ],
            "orientation": [
                -0.9616093635559082,
                -0.0923008918762207,
                -0.25843334197998049
            ]
        },
        {
            "image": "image48.png",
            "parentCategory": "vehicle",
            "category": "car",
            "distance": 12.326473236083985,
            "position": [
                -0.9308602809906006,
                -0.3104252815246582,
                12.287354469299317
            ],
            "orientation": [
                0.4536929130554199,
                -0.308765172958374,
                -0.8359584808349609
            ]
        },
        {
            "image": "image49.png",
            "parentCategory": "vehicle",
            "category": "car",
            "distance": 15.485074996948243,
            "position": [
                -1.1341452598571778,
                -1.8601863384246827,
                15.331046104431153
            ],
            "orientation": [
                0.690178394317627,
                0.004267573356628418,
                0.7236242294311523
            ]
        },
        {
            "image": "image50.png",
            "parentCategory": "vehicle",
            "category": "car",
            "distance": 7.286423683166504,
            "position": [
                -1.295517921447754,
                -0.824764609336853,
                7.122735977172852
            ],
            "orientation": [
                -0.6818461418151856,
                0.01475679874420166,
                -0.7313470840454102
            ]
        },
        {
            "image": "image51.png",
            "parentCategory": "vehicle",
            "category": "car",
            "distance": 14.669594764709473,
            "position": [
                -4.095261573791504,
                -1.2902131080627442,
                14.027158737182618
            ],
            "orientation": [
                -0.45958900451660159,
                -0.3330714702606201,
                -0.8233108520507813
            ]
        },
        {
            "image": "image52.png",
            "parentCategory": "vehicle",
            "category": "car",
            "distance": 15.628351211547852,
            "position": [
                2.5400009155273439,
                -0.925115704536438,
                15.39278793334961
            ],
            "orientation": [
                -0.6350860595703125,
                0.14298319816589356,
                0.75909423828125
            ]
        },
        {
            "image": "image53.png",
            "parentCategory": "vehicle",
            "category": "car",
            "distance": 12.032410621643067,
            "position": [
                -3.3410065174102785,
                -2.3844709396362306,
                11.310653686523438
            ],
            "orientation": [
                0.6619231700897217,
                0.35497045516967776,
                0.6601924896240234
            ]
        },
        {
            "image": "image54.png",
            "parentCategory": "vehicle",
            "category": "car",
            "distance": 13.983794212341309,
            "position": [
                -2.9432413578033449,
                -0.6942344903945923,
                13.652907371520996
            ],
            "orientation": [
                0.5046901702880859,
                -0.15138447284698487,
                -0.8499240875244141
            ]
        },
        {
            "image": "image55.png",
            "parentCategory": "vehicle",
            "category": "car",
            "distance": 15.009891510009766,
            "position": [
                3.4580237865448,
                -0.47083210945129397,
                14.598535537719727
            ],
            "orientation": [
                -0.9802398681640625,
                -0.022657155990600587,
                -0.19651126861572267
            ]
        },
        {
            "image": "image56.png",
            "parentCategory": "vehicle",
            "category": "car",
            "distance": 13.733920097351075,
            "position": [
                -2.278285503387451,
                -0.8042852878570557,
                13.519730567932129
            ],
            "orientation": [
                -0.16347312927246095,
                -0.14370906352996827,
                -0.9760246276855469
            ]
        },
        {
            "image": "image57.png",
            "parentCategory": "vehicle",
            "category": "car",
            "distance": 15.329446792602539,
            "position": [
                2.147449493408203,
                0.031636953353881839,
                15.178254127502442
            ],
            "orientation": [
                0.7360296249389648,
                0.2900667190551758,
                0.6116552352905273
            ]
        },
        {
            "image": "image58.png",
            "parentCategory": "vehicle",
            "category": "car",
            "distance": 12.19229793548584,
            "position": [
                2.1100645065307619,
                -2.592869281768799,
                11.725049018859864
            ],
            "orientation": [
                -0.5958728790283203,
                0.5465559959411621,
                0.5883979797363281
            ]
        },
        {
            "image": "image59.png",
            "parentCategory": "vehicle",
            "category": "car",
            "distance": 12.009771347045899,
            "position": [
                0.582489013671875,
                -0.9818710684776306,
                11.955385208129883
            ],
            "orientation": [
                0.6853170394897461,
                -0.06598836183547974,
                -0.725250244140625
            ]
        },
        {
            "image": "image60.png",
            "parentCategory": "vehicle",
            "category": "car",
            "distance": 10.845670700073243,
            "position": [
                1.848752498626709,
                0.34589147567749026,
                10.681341171264649
            ],
            "orientation": [
                0.46868419647216799,
                -0.614140510559082,
                -0.634953498840332
            ]
        },
        {
            "image": "image61.png",
            "parentCategory": "vehicle",
            "category": "car",
            "distance": 17.22998046875,
            "position": [
                -0.13773059844970704,
                -0.012201547622680664,
                17.22942543029785
            ],
            "orientation": [
                -0.787872314453125,
                -0.06981003284454346,
                -0.6118717193603516
            ]
        },
        {
            "image": "image62.png",
            "parentCategory": "vehicle",
            "category": "car",
            "distance": 15.222747802734375,
            "position": [
                -0.8066182136535645,
                -1.8073182106018067,
                15.093542098999024
            ],
            "orientation": [
                -0.5819015502929688,
                -0.10356545448303223,
                -0.8066377639770508
            ]
        },
        {
            "image": "image63.png",
            "parentCategory": "vehicle",
            "category": "car",
            "distance": 17.492612838745118,
            "position": [
                -2.0046591758728029,
                -1.2489054203033448,
                17.332427978515626
            ],
            "orientation": [
                -0.9091606140136719,
                0.016103267669677736,
                0.4161338806152344
            ]
        },
        {
            "image": "image64.png",
            "parentCategory": "vehicle",
            "category": "car",
            "distance": 11.549824714660645,
            "position": [
                -3.28397274017334,
                -1.9279166460037232,
                10.903995513916016
            ],
            "orientation": [
                0.5103039741516113,
                0.21788406372070313,
                0.8319358825683594
            ]
        },
        {
            "image": "image65.png",
            "parentCategory": "vehicle",
            "category": "car",
            "distance": 16.40751838684082,
            "position": [
                -3.0518288612365724,
                -1.8355121612548829,
                16.0163631439209
            ],
            "orientation": [
                0.7279906272888184,
                0.25243425369262698,
                0.6374225616455078
            ]
        },
        {
            "image": "image66.png",
            "parentCategory": "vehicle",
            "category": "car",
            "distance": 17.246051788330079,
            "position": [
                -2.9438157081604006,
                -1.7031248807907105,
                16.90738296508789
            ],
            "orientation": [
                -0.7435150146484375,
                0.14917778968811036,
                0.6518669128417969
            ]
        },
        {
            "image": "image67.png",
            "parentCategory": "vehicle",
            "category": "car",
            "distance": 14.058403015136719,
            "position": [
                -1.2639589309692383,
                -1.8243472576141358,
                13.882105827331543
            ],
            "orientation": [
                0.9053335189819336,
                0.1088566780090332,
                0.41051292419433596
            ]
        },
        {
            "image": "image68.png",
            "parentCategory": "vehicle",
            "category": "car",
            "distance": 14.166584968566895,
            "position": [
                4.60603141784668,
                -1.921335220336914,
                13.25839614868164
            ],
            "orientation": [
                0.8033456802368164,
                -0.07761240005493164,
                0.5904350280761719
            ]
        },
        {
            "image": "image69.png",
            "parentCategory": "vehicle",
            "category": "car",
            "distance": 6.727243423461914,
            "position": [
                -0.002949953079223633,
                -1.7299175262451172,
                6.50101375579834
            ],
            "orientation": [
                0.4713871479034424,
                -0.12716317176818849,
                0.8727102279663086
            ]
        },
        {
            "image": "image70.png",
            "parentCategory": "vehicle",
            "category": "car",
            "distance": 12.162681579589844,
            "position": [
                -1.8993208408355713,
                -1.06430983543396,
                11.966229438781739
            ],
            "orientation": [
                0.9743812084197998,
                -0.0013661384582519532,
                -0.2248983383178711
            ]
        },
        {
            "image": "image71.png",
            "parentCategory": "vehicle",
            "category": "car",
            "distance": 15.025923728942871,
            "position": [
                0.39826297760009768,
                -1.3723113536834717,
                14.95782470703125
            ],
            "orientation": [
                -0.2040081024169922,
                0.24111700057983399,
                0.9488124847412109
            ]
        },
        {
            "image": "image72.png",
            "parentCategory": "vehicle",
            "category": "car",
            "distance": 13.368520736694336,
            "position": [
                2.6244759559631349,
                -1.4257336854934693,
                13.030608177185059
            ],
            "orientation": [
                0.8383011817932129,
                -0.011006951332092286,
                -0.5450954437255859
            ]
        },
        {
            "image": "image73.png",
            "parentCategory": "vehicle",
            "category": "car",
            "distance": 11.529228210449219,
            "position": [
                2.6503067016601564,
                -0.22918479144573213,
                11.218130111694336
            ],
            "orientation": [
                -0.1479806900024414,
                -0.022109881043434144,
                0.9887447357177734
            ]
        },
        {
            "image": "image74.png",
            "parentCategory": "vehicle",
            "category": "car",
            "distance": 17.712162017822267,
            "position": [
                1.3749809265136719,
                -1.5464826822280884,
                17.590864181518556
            ],
            "orientation": [
                0.6133003234863281,
                0.07341039180755615,
                -0.7864303588867188
            ]
        },
        {
            "image": "image75.png",
            "parentCategory": "vehicle",
            "category": "car",
            "distance": 15.336069107055664,
            "position": [
                1.453077793121338,
                -1.7413893938064576,
                15.167436599731446
            ],
            "orientation": [
                0.3853425979614258,
                -0.027381181716918947,
                -0.9223670959472656
            ]
        },
        {
            "image": "image76.png",
            "parentCategory": "vehicle",
            "category": "car",
            "distance": 12.155149459838868,
            "position": [
                -0.7557811737060547,
                -0.451615571975708,
                12.123221397399903
            ],
            "orientation": [
                0.8027644157409668,
                -0.2450265884399414,
                -0.5436277389526367
            ]
        },
        {
            "image": "image77.png",
            "parentCategory": "vehicle",
            "category": "car",
            "distance": 21.50876808166504,
            "position": [
                -1.6800975799560547,
                0.699763298034668,
                21.431629180908204
            ],
            "orientation": [
                -0.8139820098876953,
                0.2666029930114746,
                0.5160980224609375
            ]
        },
        {
            "image": "image78.png",
            "parentCategory": "vehicle",
            "category": "car",
            "distance": 16.796756744384767,
            "position": [
                -2.6053290367126467,
                -2.024071216583252,
                16.469560623168947
            ],
            "orientation": [
                -0.8312301635742188,
                0.13383960723876954,
                0.5395774841308594
            ]
        },
        {
            "image": "image79.png",
            "parentCategory": "vehicle",
            "category": "car",
            "distance": 15.931354522705079,
            "position": [
                -0.6986522674560547,
                -1.3924932479858399,
                15.854995727539063
            ],
            "orientation": [
                -0.7512979507446289,
                -0.22657251358032227,
                -0.6198520660400391
            ]
        },
        {
            "image": "image80.png",
            "parentCategory": "vehicle",
            "category": "car",
            "distance": 16.309720993041993,
            "position": [
                -0.2630496025085449,
                -1.6136608123779297,
                16.22756576538086
            ],
            "orientation": [
                0.7777342796325684,
                -0.2083892822265625,
                -0.5930442810058594
            ]
        },
        {
            "image": "image81.png",
            "parentCategory": "vehicle",
            "category": "car",
            "distance": 9.449687957763672,
            "position": [
                -1.1780767440795899,
                -1.498748540878296,
                9.255403518676758
            ],
            "orientation": [
                -0.5997271537780762,
                -0.2470865249633789,
                -0.7611017227172852
            ]
        },
        {
            "image": "image82.png",
            "parentCategory": "vehicle",
            "category": "car",
            "distance": 16.340560913085939,
            "position": [
                1.5167007446289063,
                0.7573099136352539,
                16.25238609313965
            ],
            "orientation": [
                -0.5713939666748047,
                0.43508195877075198,
                0.6958522796630859
            ]
        },
        {
            "image": "image83.png",
            "parentCategory": "vehicle",
            "category": "car",
            "distance": 10.586870193481446,
            "position": [
                2.264988422393799,
                -0.5169367790222168,
                10.328815460205079
            ],
            "orientation": [
                0.5473110675811768,
                -0.19646716117858888,
                -0.8135414123535156
            ]
        },
        {
            "image": "image84.png",
            "parentCategory": "vehicle",
            "category": "car",
            "distance": 16.405725479125978,
            "position": [
                2.1090712547302248,
                -2.3061776161193849,
                16.105316162109376
            ],
            "orientation": [
                0.5713677406311035,
                -0.30613136291503909,
                -0.7614603042602539
            ]
        },
        {
            "image": "image85.png",
            "parentCategory": "vehicle",
            "category": "car",
            "distance": 16.503183364868165,
            "position": [
                -1.5979976654052735,
                1.9008660316467286,
                16.31527328491211
            ],
            "orientation": [
                -0.4945526123046875,
                0.5951652526855469,
                0.6333999633789063
            ]
        },
        {
            "image": "image86.png",
            "parentCategory": "vehicle",
            "category": "car",
            "distance": 11.430710792541504,
            "position": [
                3.368320941925049,
                -0.5144391059875488,
                10.911046028137207
            ],
            "orientation": [
                -0.9415140151977539,
                -0.23751354217529298,
                -0.23903560638427735
            ]
        },
        {
            "image": "image87.png",
            "parentCategory": "vehicle",
            "category": "car",
            "distance": 16.640995025634767,
            "position": [
                0.6095056533813477,
                -1.5766422748565674,
                16.554922103881837
            ],
            "orientation": [
                -0.7261219024658203,
                0.03462958335876465,
                -0.6866941452026367
            ]
        },
        {
            "image": "image88.png",
            "parentCategory": "vehicle",
            "category": "car",
            "distance": 15.766951560974121,
            "position": [
                2.709235668182373,
                -0.7586696147918701,
                15.513904571533204
            ],
            "orientation": [
                -0.18458175659179688,
                0.1736619472503662,
                0.9673519134521484
            ]
        },
        {
            "image": "image89.png",
            "parentCategory": "vehicle",
            "category": "car",
            "distance": 13.861407279968262,
            "position": [
                -1.792226791381836,
                -0.6144586801528931,
                13.731313705444336
            ],
            "orientation": [
                0.8978958129882813,
                0.03139495849609375,
                -0.4390878677368164
            ]
        },
        {
            "image": "image90.png",
            "parentCategory": "vehicle",
            "category": "car",
            "distance": 12.263328552246094,
            "position": [
                2.530590534210205,
                -1.5995144844055176,
                11.892303466796875
            ],
            "orientation": [
                -0.6923103332519531,
                0.2867908477783203,
                0.6621608734130859
            ]
        },
        {
            "image": "image91.png",
            "parentCategory": "vehicle",
            "category": "car",
            "distance": 13.320961952209473,
            "position": [
                -1.49876070022583,
                -0.7437400817871094,
                13.215468406677246
            ],
            "orientation": [
                0.7998323440551758,
                0.15179133415222169,
                0.580714225769043
            ]
        },
        {
            "image": "image92.png",
            "parentCategory": "vehicle",
            "category": "car",
            "distance": 11.320676803588868,
            "position": [
                1.3043177127838135,
                0.31606465578079226,
                11.2408447265625
            ],
            "orientation": [
                -0.24331951141357423,
                0.3525524139404297,
                0.9036064147949219
            ]
        },
        {
            "image": "image93.png",
            "parentCategory": "vehicle",
            "category": "car",
            "distance": 14.819957733154297,
            "position": [
                -2.225252866744995,
                -1.3815948963165284,
                14.586658477783204
            ],
            "orientation": [
                -0.9887552261352539,
                -0.01672804355621338,
                0.1486063003540039
            ]
        },
        {
            "image": "image94.png",
            "parentCategory": "vehicle",
            "category": "car",
            "distance": 14.005377769470215,
            "position": [
                -3.115725040435791,
                -1.7817442417144776,
                13.537660598754883
            ],
            "orientation": [
                -0.863652229309082,
                0.0442805290222168,
                -0.5021390914916992
            ]
        },
        {
            "image": "image95.png",
            "parentCategory": "vehicle",
            "category": "car",
            "distance": 18.77364730834961,
            "position": [
                0.08976936340332031,
                0.2251572608947754,
                18.772083282470704
            ],
            "orientation": [
                -0.8532142639160156,
                0.2081136703491211,
                0.478240966796875
            ]
        },
        {
            "image": "image96.png",
            "parentCategory": "vehicle",
            "category": "car",
            "distance": 13.652483940124512,
            "position": [
                -1.9658269882202149,
                0.08939790725708008,
                13.509916305541993
            ],
            "orientation": [
                0.6679706573486328,
                0.46486520767211916,
                0.5811328887939453
            ]
        },
        {
            "image": "image97.png",
            "parentCategory": "vehicle",
            "category": "car",
            "distance": 12.172789573669434,
            "position": [
                0.720850944519043,
                -0.9495165944099426,
                12.114272117614746
            ],
            "orientation": [
                -0.6298446655273438,
                0.12448012828826904,
                0.7666816711425781
            ]
        },
        {
            "image": "image98.png",
            "parentCategory": "vehicle",
            "category": "car",
            "distance": 16.82601547241211,
            "position": [
                2.1845908164978029,
                -0.41681337356567385,
                16.678388595581056
            ],
            "orientation": [
                -0.3712882995605469,
                -0.46204710006713869,
                -0.8053932189941406
            ]
        },
        {
            "image": "image99.png",
            "parentCategory": "vehicle",
            "category": "car",
            "distance": 18.22317123413086,
            "position": [
                1.1709785461425782,
                -1.1696991920471192,
                18.14785385131836
            ],
            "orientation": [
                0.6268367767333984,
                0.20968961715698243,
                0.7504043579101563
            ]
        },
        {
            "image": "image100.png",
            "parentCategory": "vehicle",
            "category": "car",
            "distance": 11.871949195861817,
            "position": [
                2.8461108207702638,
                -0.415668249130249,
                11.518248558044434
            ],
            "orientation": [
                0.7304778099060059,
                -0.14780640602111817,
                -0.6667499542236328
            ]
        }
    ]
}